Student_ID,Institution,Study_Group,AI_Module_Used,Time_Spent (Mins/Week),Total_Interactions,Pre_Test_Score (100),Post_Test_Score (100),Retention_Score_30D (100),Motivation_Score (1-10),Avg_EEG_Attention (0-1)
STU_1001,College 2,Control,None,142,312,66.6,74,72.3,4.6,0.863
STU_1002,College 2,Control,None,99,190,59.6,65.4,61.1,3.6,0.653
STU_1003,College 3,Control,None,114,268,63,73.9,65.9,3.6,0.671
STU_1004,College 4,Gamified,BCI-Neuro,124,187,67,80,66.9,5,0.762
STU_1005,College 6,Control,None,52,135,73,79.4,78.5,3,0.564
STU_1006,College 2,Control,None,151,295,67.6,74.8,63.5,5.5,0.815
STU_1007,College 4,Control,None,130,336,53.5,59.3,57,3.6,0.717
STU_1008,College 3,Control,None,113,260,66.6,71.6,64.7,3.7,0.707
STU_1009,College 6,Gamified,BCI-Neuro,136,159,65.7,80.7,90.1,5.9,0.83
STU_1010,College 5,Control,None,95,191,75.1,79.1,55.8,4.9,0.732
STU_1011,College 2,Control,None,92,255,69.7,72.3,58.9,2.9,0.542
STU_1012,College 2,Control,None,101,254,74.6,80,79.1,3.8,0.662
STU_1013,College 4,Control,None,88,225,74.2,81.4,63.7,4.7,0.697
STU_1014,College 6,Gamified,SignLang,86,240,57.6,74.1,74.4,7,0.901
STU_1015,College 2,Control,None,92,174,63.2,69.1,56.2,4.2,0.722
STU_1016,College 2,Gamified,NMT-Assist,135,304,83.5,97.7,78.2,6.6,0.911
STU_1017,College 4,Control,None,154,321,83.5,89.2,77.6,5.8,0.774
STU_1018,College 4,Control,None,161,358,73.4,83.4,76.3,5.2,0.905
STU_1019,College 6,Gamified,TTS-Audio,142,207,60.3,79.1,80.5,6.8,0.973
STU_1020,College 1,Gamified,BCI-Neuro,154,282,60.6,80.4,73,7.2,0.984
STU_1021,College 2,Gamified,SignLang,88,206,56.4,69.7,65.5,6.2,0.768
STU_1022,College 5,Gamified,TTS-Audio,109,220,61.1,73.8,73.1,5.8,0.789
STU_1023,College 6,Gamified,NMT-Assist,143,222,60.3,78.5,76.1,7,0.948
STU_1024,College 6,Control,None,152,296,70.6,76.8,72.9,5.1,0.876
STU_1025,College 4,Control,None,86,209,60.6,67.8,56.1,4.4,0.705
STU_1026,College 6,Gamified,NMT-Assist,112,275,59.3,76.2,70.9,5.9,0.742
STU_1027,College 6,Gamified,NMT-Assist,123,221,61.9,76.3,69.6,5.8,0.816
STU_1028,College 5,Gamified,SignLang,144,223,78.4,94.3,86.9,6.8,0.988
STU_1029,College 5,Gamified,BCI-Neuro,124,324,80.2,99.8,82.8,6,0.878
STU_1030,College 4,Gamified,NMT-Assist,140,288,68.9,87,81.1,6.9,0.934
STU_1031,College 2,Gamified,NMT-Assist,126,203,69.3,84.1,71.8,7.9,0.946
STU_1032,College 2,Control,None,147,322,69.1,72.4,66.4,4.5,0.819
STU_1033,College 6,Gamified,BCI-Neuro,178,451,54.1,67.7,53.9,6,0.908
STU_1034,College 2,Control,None,132,349,60.1,68.4,61.9,3.8,0.733
STU_1035,College 2,Gamified,TTS-Audio,159,221,61.3,80.8,75.6,7.1,0.967
STU_1036,College 1,Control,None,49,133,72.4,74.6,62,3.2,0.524
STU_1037,College 4,Control,None,96,192,64.9,69.5,55.8,4,0.708
STU_1038,College 2,Gamified,SignLang,149,402,57.9,77.8,71.7,6.7,0.84
STU_1039,College 5,Control,None,158,321,56.5,61.7,45.1,4.3,0.792
STU_1040,College 2,Control,None,134,274,67.3,75.1,64.7,4,0.754
STU_1041,College 5,Control,None,135,306,66.5,73.7,64.7,3.4,0.698
STU_1042,College 2,Gamified,BCI-Neuro,94,161,62,78.9,66.5,7,0.892
STU_1043,College 6,Control,None,146,300,60.8,65.4,55.8,4,0.794
STU_1044,College 4,Gamified,TTS-Audio,128,309,69.3,81.8,66.3,6.6,0.898
STU_1045,College 3,Control,None,142,337,62.3,69.6,55,2.6,0.595
STU_1046,College 2,Control,None,124,221,68.3,72.9,64.6,4.2,0.749
STU_1047,College 1,Gamified,SignLang,93,231,64.2,81.8,84.4,6.7,0.95
STU_1048,College 3,Control,None,152,294,62.5,66,50.1,4.4,0.796
STU_1049,College 5,Gamified,NMT-Assist,134,305,66.1,81.1,85.5,5.3,0.734
STU_1050,College 4,Control,None,132,275,49.9,54.2,45.4,2.6,0.558
STU_1051,College 2,Gamified,BCI-Neuro,103,220,70.9,85.7,77.7,6,0.809
STU_1052,College 1,Control,None,154,358,75.4,83.3,74,3.3,0.719
STU_1053,College 4,Control,None,89,123,73.9,80.6,76.5,3.3,0.584
STU_1054,College 4,Control,None,94,208,69.5,76.6,75.1,6.4,0.854
STU_1055,College 3,Gamified,BCI-Neuro,62,108,65.9,82.8,70,7.2,0.901
STU_1056,College 3,Control,None,99,236,69.4,80.3,76.5,5,0.753
STU_1057,College 4,Gamified,TTS-Audio,124,167,56.4,75.6,66.3,6.8,0.963
STU_1058,College 6,Control,None,94,196,56.8,61.2,54.4,3.4,0.633
STU_1059,College 5,Gamified,NMT-Assist,112,249,77,97,97.9,7.2,0.858
STU_1060,College 1,Gamified,TTS-Audio,116,289,78.4,96.4,91.6,6.6,0.95
STU_1061,College 4,Control,None,110,277,71.1,75.5,57.8,4.4,0.692
STU_1062,College 6,Control,None,97,225,64.6,69,59.3,3.9,0.642
STU_1063,College 6,Gamified,BCI-Neuro,146,272,61,81.8,81.1,8.2,0.99
STU_1064,College 2,Gamified,BCI-Neuro,124,334,78.1,94.2,86.6,6.7,0.855
STU_1065,College 1,Gamified,NMT-Assist,147,297,62.7,80.3,86.2,6.8,0.89
STU_1066,College 6,Gamified,NMT-Assist,151,334,68.3,92.6,85.6,7,0.933
STU_1067,College 6,Control,None,121,259,63.2,73.3,69.8,4.9,0.771
STU_1068,College 5,Control,None,119,219,59.8,66.9,51.7,3.5,0.617
STU_1069,College 5,Gamified,TTS-Audio,116,266,69.4,80.9,84.1,5.5,0.849
STU_1070,College 1,Control,None,65,107,73.7,77.4,64.9,4,0.503
STU_1071,College 3,Gamified,BCI-Neuro,139,323,65.7,86.6,78.8,6.5,0.869
STU_1072,College 5,Gamified,BCI-Neuro,100,295,64.6,81.9,64.6,7.1,0.879
STU_1073,College 3,Gamified,TTS-Audio,161,336,51.5,67,63.3,5,0.786
STU_1074,College 5,Gamified,NMT-Assist,126,233,70.4,88,88.2,6,0.825
STU_1075,College 1,Control,None,130,189,66,71.9,55.8,3.7,0.708
STU_1076,College 2,Gamified,SignLang,134,292,58.6,70.8,65,6.6,0.91
STU_1077,College 5,Control,None,72,186,66.7,69.5,60.1,4.4,0.667
STU_1078,College 6,Gamified,TTS-Audio,171,483,57.2,75.4,71.8,8.4,0.99
STU_1079,College 1,Gamified,NMT-Assist,156,377,65.3,79.4,66.3,6.4,0.97
STU_1080,College 2,Control,None,141,185,68.8,74.9,58.4,3.8,0.702
STU_1081,College 1,Gamified,NMT-Assist,169,241,63.7,76.2,84,5.5,0.919
STU_1082,College 2,Gamified,BCI-Neuro,87,160,67.5,83.9,75.7,6,0.882
STU_1083,College 4,Gamified,TTS-Audio,141,372,66.7,85.4,85,6.4,0.886
STU_1084,College 3,Control,None,100,204,76.4,83.5,70,4.8,0.754
STU_1085,College 6,Gamified,NMT-Assist,147,175,58.2,71.6,81.1,8.1,0.982
STU_1086,College 4,Control,None,98,280,62,69.6,47.8,5.3,0.791
STU_1087,College 1,Control,None,142,161,69.8,73.3,74.8,2.2,0.645
STU_1088,College 3,Control,None,99,231,50.3,57.7,51.1,3.7,0.713
STU_1089,College 5,Gamified,BCI-Neuro,143,369,68.4,85.3,71.1,6.5,0.99
STU_1090,College 6,Control,None,104,152,69,71.6,57.8,4.3,0.658
STU_1091,College 3,Control,None,61,142,61.7,67.8,63.1,4.4,0.583
STU_1092,College 5,Gamified,NMT-Assist,121,196,70.4,82.4,74.3,4.1,0.741
STU_1093,College 2,Gamified,NMT-Assist,168,379,45.6,59.3,56.1,7.5,0.99
STU_1094,College 5,Gamified,NMT-Assist,139,237,63,79.9,73.6,5.7,0.829
STU_1095,College 1,Control,None,110,124,67.4,69.3,63.8,3.2,0.696
STU_1096,College 6,Gamified,NMT-Assist,183,295,66.3,85.6,83.3,7.6,0.99
STU_1097,College 3,Gamified,SignLang,105,220,61.3,77.3,65.6,5.2,0.761
STU_1098,College 3,Control,None,108,361,72.1,78.6,63.6,1.8,0.472
STU_1099,College 5,Control,None,98,179,68.5,74.5,58.4,3.9,0.652
STU_1100,College 3,Gamified,NMT-Assist,203,430,53.9,72.8,77.8,7.1,0.99
STU_1101,College 6,Gamified,BCI-Neuro,155,396,52.8,72.8,63.3,7.5,0.97
STU_1102,College 5,Gamified,SignLang,90,238,84.8,100,92.2,6.4,0.805
STU_1103,College 4,Control,None,78,155,62.7,66.1,53.6,3.5,0.552
STU_1104,College 2,Gamified,SignLang,147,344,63.8,81.5,76.1,6.6,0.931
STU_1105,College 2,Gamified,TTS-Audio,151,254,66.2,81.3,75.7,6.6,0.967
STU_1106,College 2,Gamified,BCI-Neuro,144,259,63.9,83.2,79,5.6,0.846
STU_1107,College 2,Control,None,75,155,79,81.4,60.2,3.3,0.693
STU_1108,College 4,Control,None,122,241,60.8,67.6,52.8,3.5,0.692
STU_1109,College 3,Control,None,110,260,60.3,63,60,2.8,0.619
STU_1110,College 2,Control,None,92,184,67.5,68.1,69.6,3.5,0.629
STU_1111,College 6,Gamified,NMT-Assist,78,199,68.6,78.8,82,4.9,0.806
STU_1112,College 1,Gamified,SignLang,150,231,64.4,78.3,64.9,6,0.919
STU_1113,College 2,Gamified,TTS-Audio,138,227,63,78.1,58.1,6.7,0.903
STU_1114,College 4,Gamified,NMT-Assist,137,349,59.7,81.7,74.1,6.5,0.911
STU_1115,College 3,Control,None,155,310,62.2,69.1,61,3.7,0.702
STU_1116,College 4,Gamified,TTS-Audio,83,142,58.6,70.9,71.7,6.9,0.784
STU_1117,College 1,Control,None,101,204,64.8,66,68.6,2.8,0.642
STU_1118,College 6,Gamified,SignLang,171,380,58.1,77.5,69.7,7,0.99
STU_1119,College 6,Control,None,88,233,55.8,59.7,66.9,2.1,0.478
STU_1120,College 3,Control,None,69,78,74.4,79.3,74.4,4.4,0.683
STU_1121,College 1,Control,None,151,417,68.5,74.2,64.4,4.3,0.849
STU_1122,College 1,Control,None,58,175,66.8,69.6,69.4,4.5,0.634
STU_1123,College 3,Gamified,SignLang,145,228,69.6,90.4,88.2,7.1,0.952
STU_1124,College 5,Gamified,SignLang,138,286,61,77.3,84.5,7.1,0.888
STU_1125,College 2,Gamified,SignLang,116,347,52.3,69.3,49.2,6,0.85
STU_1126,College 1,Gamified,BCI-Neuro,130,394,74.6,94.2,93.8,6.3,0.945
STU_1127,College 3,Gamified,SignLang,137,253,71.8,89,81.2,7.5,0.915
STU_1128,College 5,Control,None,92,239,66.6,74,54.9,4.1,0.678
STU_1129,College 1,Gamified,SignLang,85,208,62.9,80.6,76.8,8.5,0.969
STU_1130,College 3,Control,None,127,348,55.9,60.3,55,4.1,0.748
STU_1131,College 1,Control,None,145,362,72.9,78.9,75.3,3.5,0.675
STU_1132,College 1,Control,None,114,223,62,68.7,58.3,4.7,0.766
STU_1133,College 1,Gamified,NMT-Assist,101,195,65,81.3,81.4,6.9,0.904
STU_1134,College 6,Control,None,109,303,53.5,61.1,54.6,5,0.746
STU_1135,College 5,Gamified,NMT-Assist,113,233,73.1,92.8,93.9,6.3,0.847
STU_1136,College 5,Gamified,NMT-Assist,142,295,65.7,80.4,71.8,5.4,0.789
STU_1137,College 3,Control,None,151,413,72.8,78.9,75.6,4.5,0.735
STU_1138,College 6,Gamified,NMT-Assist,85,210,62.1,79,85,6.7,0.802
STU_1139,College 4,Control,None,129,330,62.4,67.8,56.5,3.5,0.73
STU_1140,College 1,Gamified,SignLang,183,308,75.2,98.1,86,8.3,0.99
STU_1141,College 1,Gamified,TTS-Audio,110,296,66.6,80.6,87.3,4.7,0.693
STU_1142,College 1,Control,None,122,202,69.6,77.7,66.8,4.9,0.72
STU_1143,College 2,Gamified,BCI-Neuro,145,323,65.6,83.6,70.2,7.9,0.99
STU_1144,College 2,Gamified,NMT-Assist,161,326,61.9,79.5,69.5,5.9,0.905
STU_1145,College 2,Control,None,137,286,62.8,69.8,62.3,5.2,0.824
STU_1146,College 4,Gamified,TTS-Audio,93,209,61.2,78.7,73.9,7.6,0.878
STU_1147,College 3,Gamified,BCI-Neuro,121,231,55.6,70.9,67.3,7.1,0.902
STU_1148,College 4,Gamified,TTS-Audio,164,394,63.5,79.3,66.7,8.4,0.99
STU_1149,College 2,Control,None,94,218,53.7,60.4,54.2,4.1,0.726
STU_1150,College 2,Control,None,94,190,71.6,78.4,65.6,4.6,0.67
STU_1151,College 2,Control,None,79,188,74.7,77.9,78.8,2.8,0.613
STU_1152,College 2,Gamified,NMT-Assist,163,516,63.1,79.7,69.9,6.5,0.933
STU_1153,College 6,Gamified,NMT-Assist,125,356,54.7,71.7,69.1,6.8,0.94
STU_1154,College 6,Gamified,SignLang,133,305,66.8,80.4,74.6,7.2,0.954
STU_1155,College 5,Gamified,SignLang,140,374,61.1,82.5,79.8,6.6,0.927
STU_1156,College 2,Gamified,NMT-Assist,161,428,55.3,70.6,71.1,7.8,0.99
STU_1157,College 6,Gamified,BCI-Neuro,116,225,63.1,83.7,72.7,6.5,0.919
STU_1158,College 2,Gamified,TTS-Audio,98,157,63.2,73.6,66.9,5.2,0.738
STU_1159,College 2,Control,None,86,225,73.3,75.3,72.2,4,0.632
STU_1160,College 2,Gamified,SignLang,142,336,72.2,84.8,78.9,6.4,0.9
STU_1161,College 2,Control,None,83,198,67.3,71.9,56.8,2.3,0.51
STU_1162,College 4,Control,None,112,231,63.2,69.6,60.5,4.9,0.736
STU_1163,College 5,Gamified,BCI-Neuro,172,239,63.6,84.9,81.8,7,0.99
STU_1164,College 1,Control,None,67,181,63.7,67.8,61.4,4.9,0.724
STU_1165,College 3,Control,None,96,261,73.7,79.2,71.4,3.5,0.672
STU_1166,College 2,Control,None,132,292,73.9,77.9,65.3,5.3,0.766
STU_1167,College 2,Gamified,NMT-Assist,141,234,66.8,81,74.3,7.1,0.948
STU_1168,College 6,Gamified,BCI-Neuro,117,235,69,86,82.1,7.8,0.917
STU_1169,College 4,Gamified,SignLang,189,349,61.1,79.2,77.6,6.6,0.96
STU_1170,College 6,Gamified,TTS-Audio,119,268,62.1,78.8,72.9,6,0.816
STU_1171,College 2,Gamified,TTS-Audio,106,180,66.5,86.5,81.5,6.3,0.81
STU_1172,College 6,Gamified,BCI-Neuro,109,226,57,75.3,66.4,7.1,0.872
STU_1173,College 2,Control,None,96,171,67,76.5,61.4,4.2,0.724
STU_1174,College 4,Gamified,BCI-Neuro,107,145,57.9,78.3,82.5,6.4,0.833
STU_1175,College 1,Gamified,TTS-Audio,113,224,62.1,77.5,77.4,7.8,0.917
STU_1176,College 3,Gamified,SignLang,115,264,71.8,88.3,82.8,6.4,0.882
STU_1177,College 3,Control,None,151,417,73.5,79.4,68.8,5.2,0.874
STU_1178,College 5,Gamified,NMT-Assist,146,400,69.9,87.3,93.5,5.5,0.864
STU_1179,College 2,Gamified,SignLang,99,236,77.7,96.2,91.8,6.2,0.912
STU_1180,College 1,Control,None,83,190,68.8,74.7,74.9,4.7,0.729
STU_1181,College 1,Control,None,113,286,74.4,80.6,71.7,3.8,0.671
STU_1182,College 2,Control,None,89,184,60.1,61.2,61.4,2.8,0.612
STU_1183,College 5,Gamified,SignLang,141,306,80.4,95.3,81.3,6.9,0.98
STU_1184,College 6,Gamified,BCI-Neuro,172,322,57.2,72.7,63.2,5.8,0.99
STU_1185,College 3,Gamified,NMT-Assist,143,310,55.4,68.5,60.4,6.7,0.929
STU_1186,College 2,Control,None,86,231,78.2,85,77.6,5.4,0.791
STU_1187,College 3,Gamified,NMT-Assist,120,244,78.3,91.6,85.2,5.3,0.836
STU_1188,College 4,Control,None,142,232,64.8,71.2,56.6,4.6,0.782
STU_1189,College 1,Control,None,93,185,74.7,78.1,58.4,3.7,0.724
STU_1190,College 1,Gamified,TTS-Audio,139,417,67.8,86.1,91,7.5,0.984
STU_1191,College 6,Control,None,90,240,61.2,70.1,55,4.5,0.732
STU_1192,College 2,Gamified,NMT-Assist,158,344,57.8,74.8,66.2,6.3,0.971
STU_1193,College 4,Gamified,TTS-Audio,169,410,88.7,100,96.6,6.5,0.979
STU_1194,College 4,Control,None,114,279,62.7,70.3,55.6,4.4,0.71
STU_1195,College 5,Gamified,TTS-Audio,186,507,69.7,87.3,78.4,8.3,0.99
STU_1196,College 6,Control,None,85,203,62.9,69.6,63.9,3.8,0.637
STU_1197,College 5,Gamified,NMT-Assist,166,343,69.1,87.8,78,8.9,0.99
STU_1198,College 4,Gamified,TTS-Audio,151,229,71.8,86.9,71.8,7.2,0.99
STU_1199,College 4,Control,None,132,278,60.6,67.7,60.5,4.2,0.762
STU_1200,College 5,Gamified,SignLang,158,325,74.5,92.7,91.8,8.1,0.99
STU_1201,College 6,Gamified,TTS-Audio,122,295,68.9,89,88.8,6.7,0.861
STU_1202,College 3,Control,None,104,205,55.2,60.8,49.2,3.4,0.695
STU_1203,College 1,Gamified,SignLang,154,309,70.8,91.2,89.8,8.6,0.99
STU_1204,College 6,Control,None,77,182,56.1,62.2,51.7,3.7,0.604
STU_1205,College 1,Control,None,152,264,70.3,80.8,62.5,4.6,0.78
STU_1206,College 2,Gamified,BCI-Neuro,119,206,73.5,95.2,74,7,0.925
STU_1207,College 2,Control,None,103,174,68.7,80,74.2,4,0.674
STU_1208,College 6,Gamified,BCI-Neuro,57,125,54.2,72.1,62.4,6.1,0.762
STU_1209,College 3,Gamified,SignLang,113,254,72.7,93.2,87.5,7.6,0.94
STU_1210,College 4,Gamified,TTS-Audio,100,232,52.7,76.5,69,6.5,0.933
STU_1211,College 1,Gamified,BCI-Neuro,78,224,64.7,86.3,79.2,7.2,0.849
STU_1212,College 4,Control,None,87,209,67.8,75.2,64,5.5,0.805
STU_1213,College 3,Control,None,90,265,47.8,51.2,40.6,4.6,0.658
STU_1214,College 3,Gamified,TTS-Audio,151,259,60.5,80.2,60.3,7.3,0.99
STU_1215,College 4,Gamified,SignLang,131,307,61.1,72.2,61.4,6,0.844
STU_1216,College 5,Control,None,102,167,67.6,69.2,56.7,2.2,0.536
STU_1217,College 6,Control,None,93,193,70.5,74.6,59.3,3.4,0.679
STU_1218,College 6,Gamified,SignLang,111,234,66.2,80.7,91.3,6.5,0.87
STU_1219,College 2,Control,None,105,228,61.6,67.4,58.4,2.2,0.624
STU_1220,College 5,Control,None,99,183,75.8,81.8,63.9,3.1,0.73
STU_1221,College 4,Gamified,BCI-Neuro,125,248,58.5,78.9,76.7,7.6,0.99
STU_1222,College 2,Control,None,147,347,79.8,85.9,71.7,4,0.785
STU_1223,College 4,Gamified,TTS-Audio,129,315,73.4,90.2,90,7.1,0.933
STU_1224,College 1,Gamified,SignLang,155,295,48.2,68.9,74.7,6,0.888
STU_1225,College 1,Control,None,120,292,57.2,62.6,58.9,3.5,0.698
STU_1226,College 3,Control,None,86,97,52,58,55.8,2.8,0.603
STU_1227,College 3,Gamified,TTS-Audio,138,240,71.8,89.6,83.2,7.3,0.99
STU_1228,College 6,Control,None,131,247,77.1,87.1,74.4,4.5,0.736
STU_1229,College 2,Control,None,121,336,72.5,78.5,81.2,3.5,0.708
STU_1230,College 6,Gamified,SignLang,141,211,65,79.2,78.6,6.9,0.939
STU_1231,College 4,Gamified,SignLang,131,201,64,80.4,73.8,6.2,0.867
STU_1232,College 2,Control,None,120,304,66.2,66.9,69.1,1.6,0.602
STU_1233,College 5,Control,None,160,269,56.3,62.7,62.1,2.6,0.688
STU_1234,College 2,Control,None,123,146,73.9,81.8,69.8,3.4,0.673
STU_1235,College 1,Control,None,122,211,77.6,84.1,72.9,4.2,0.783
STU_1236,College 3,Control,None,113,164,78.8,87.7,79.4,3.3,0.666
STU_1237,College 2,Gamified,SignLang,136,436,80.4,95.4,93.9,7.3,0.954
STU_1238,College 1,Control,None,134,191,70,77.2,71.7,4.1,0.772
STU_1239,College 6,Gamified,NMT-Assist,148,342,68.1,83.8,74.2,5.3,0.827
STU_1240,College 3,Gamified,SignLang,130,255,74.3,90.5,70.8,7.9,0.99
STU_1241,College 6,Control,None,126,341,76.5,83,81.4,4.6,0.808
STU_1242,College 4,Gamified,SignLang,145,316,58.7,74.1,70.4,8.6,0.99
STU_1243,College 3,Gamified,NMT-Assist,122,299,60.3,75.2,76.3,7.3,0.95
STU_1244,College 1,Gamified,SignLang,110,251,55.2,73.4,77.2,8.1,0.98
STU_1245,College 1,Gamified,TTS-Audio,147,321,75.3,91,84.8,6.5,0.943
STU_1246,College 2,Gamified,BCI-Neuro,104,207,66.1,84.4,69.2,7.5,0.99
STU_1247,College 3,Control,None,131,250,68.7,72.1,64.7,3.9,0.759
STU_1248,College 2,Gamified,NMT-Assist,120,213,72.7,91.3,88.3,7,0.928
STU_1249,College 6,Control,None,100,201,48.8,52.3,56,3.3,0.653
STU_1250,College 1,Control,None,123,255,66.5,72.1,56.2,4.5,0.766
STU_1251,College 3,Control,None,77,176,72.8,75.7,70.7,3.7,0.62
STU_1252,College 4,Gamified,NMT-Assist,219,574,70.5,92.3,93.2,9.5,0.99
STU_1253,College 5,Gamified,NMT-Assist,144,342,59,75.1,72.9,6.8,0.963
STU_1254,College 2,Control,None,140,266,62.6,68.2,64,3.6,0.788
STU_1255,College 6,Control,None,77,114,52.1,53.8,52.8,3.8,0.632
STU_1256,College 6,Gamified,SignLang,121,214,64.7,85,86,6.6,0.905
STU_1257,College 6,Gamified,SignLang,85,249,67.5,86.4,83.8,6.9,0.879
STU_1258,College 3,Gamified,SignLang,175,243,69.5,86.4,81.6,6.6,0.979
STU_1259,College 3,Gamified,SignLang,150,256,54,70.8,66.2,7.9,0.99
STU_1260,College 1,Control,None,134,221,76.9,85.4,74.1,4,0.678
STU_1261,College 3,Control,None,140,294,58.6,63.2,48.7,3.5,0.775
STU_1262,College 6,Control,None,91,224,72.4,76.4,55.5,3.2,0.532
STU_1263,College 2,Gamified,TTS-Audio,77,127,63.5,77.1,71.8,6.2,0.817
STU_1264,College 2,Control,None,84,154,73.1,74.9,65.1,4.6,0.642
STU_1265,College 2,Control,None,100,276,68,73.2,59.9,4.7,0.709
STU_1266,College 6,Gamified,TTS-Audio,118,199,54.9,71.3,64.3,6,0.887
STU_1267,College 4,Gamified,TTS-Audio,139,282,56.4,69.6,69,6.5,0.972
STU_1268,College 3,Control,None,95,238,59.8,66.2,45.1,3.9,0.674
STU_1269,College 2,Gamified,BCI-Neuro,121,231,75.3,90.1,74.5,5.8,0.847
STU_1270,College 6,Gamified,SignLang,141,235,69.5,87.4,75.6,7.3,0.988
STU_1271,College 1,Gamified,NMT-Assist,118,242,79.6,98.3,91.3,6.2,0.882
STU_1272,College 6,Gamified,BCI-Neuro,126,226,75.5,95.6,89.7,6.7,0.856
STU_1273,College 1,Gamified,SignLang,98,248,67.5,88,74.2,8.1,0.954
STU_1274,College 3,Gamified,BCI-Neuro,147,291,63.9,75.8,70.3,6.3,0.913
STU_1275,College 3,Gamified,SignLang,152,264,73.8,93.5,88.4,5.4,0.801
STU_1276,College 6,Control,None,112,155,66.5,71.3,60.8,3.7,0.613
STU_1277,College 2,Gamified,NMT-Assist,95,137,68.5,87.7,81.4,5.9,0.763
STU_1278,College 2,Control,None,90,166,58.5,65.9,55.2,3.9,0.672
STU_1279,College 2,Gamified,NMT-Assist,130,238,63.4,80,70.3,5.5,0.823
STU_1280,College 2,Control,None,148,420,76.8,81.7,79.5,3.5,0.738
STU_1281,College 6,Control,None,98,318,66.6,71.8,63.5,4.2,0.708
STU_1282,College 6,Gamified,BCI-Neuro,160,417,57.9,70.7,70.8,5.2,0.818
STU_1283,College 1,Control,None,91,223,54.9,58.3,50,4.2,0.674
STU_1284,College 4,Control,None,79,120,74.2,78.9,76.8,5.7,0.796
STU_1285,College 1,Control,None,43,52,70.7,77.6,57.6,2.9,0.577
STU_1286,College 6,Gamified,NMT-Assist,73,177,68.9,82.6,64.5,7.2,0.813
STU_1287,College 5,Control,None,135,304,74.2,82.2,71.7,2.8,0.572
STU_1288,College 3,Control,None,69,160,62.9,65.6,60,3.1,0.621
STU_1289,College 5,Gamified,NMT-Assist,122,323,65.4,81.8,66.5,6.2,0.903
STU_1290,College 2,Control,None,76,166,83,83,72.5,3.4,0.64
STU_1291,College 4,Control,None,132,227,69.4,74.6,74.8,2.2,0.64
STU_1292,College 1,Gamified,SignLang,102,215,78.6,93.4,83.2,8.3,0.99
STU_1293,College 2,Gamified,SignLang,145,217,82,96.5,79.8,6.4,0.889
STU_1294,College 3,Gamified,BCI-Neuro,117,223,71.5,88.3,86.6,6.1,0.815
STU_1295,College 1,Gamified,TTS-Audio,128,216,71.1,87.4,74.5,6.8,0.945
STU_1296,College 6,Control,None,76,254,70.8,75.4,68.8,3.6,0.63
STU_1297,College 3,Gamified,NMT-Assist,102,183,58.2,68.3,65.5,6.2,0.798
STU_1298,College 5,Control,None,140,284,55.5,60.8,45.5,4.3,0.802
STU_1299,College 3,Control,None,106,220,51.7,56.7,62.6,4.4,0.767
STU_1300,College 2,Gamified,SignLang,128,350,65.2,85.3,76.1,8.3,0.988
STU_1301,College 4,Gamified,SignLang,100,203,53.5,70.7,62.2,7.4,0.877
STU_1302,College 1,Gamified,SignLang,140,304,75.7,88.6,74.9,7,0.949
STU_1303,College 3,Control,None,138,320,68.5,74.7,71.4,4.7,0.768
STU_1304,College 4,Control,None,97,325,60.9,65.7,57,3.2,0.605
STU_1305,College 3,Gamified,SignLang,141,326,64.9,81.8,78.1,5.5,0.827
STU_1306,College 2,Gamified,BCI-Neuro,134,341,71.3,85.4,73.4,5.8,0.842
STU_1307,College 1,Control,None,128,353,60.1,65.3,56.2,4.3,0.699
STU_1308,College 2,Gamified,TTS-Audio,107,216,62.9,76.1,79.6,8.1,0.937
STU_1309,College 4,Gamified,SignLang,108,263,66.9,87.6,81.5,7.3,0.881
STU_1310,College 2,Gamified,BCI-Neuro,153,422,67.9,84.9,73.5,7.4,0.984
STU_1311,College 1,Gamified,BCI-Neuro,142,358,59,78.2,67.7,7.2,0.978
STU_1312,College 2,Gamified,BCI-Neuro,156,418,56,71.2,70,6.1,0.927
STU_1313,College 4,Control,None,136,190,74,80.1,70,3.5,0.654
STU_1314,College 3,Gamified,BCI-Neuro,106,199,72.7,88.2,81.4,6.3,0.822
STU_1315,College 4,Control,None,137,355,74.4,80.4,64,4.3,0.751
STU_1316,College 5,Gamified,NMT-Assist,149,223,65.6,84.3,72.1,7,0.99
STU_1317,College 5,Gamified,TTS-Audio,119,165,66.5,77.4,73.6,5.4,0.863
STU_1318,College 1,Control,None,59,117,66,70.1,59,2.4,0.496
STU_1319,College 2,Gamified,NMT-Assist,134,403,61.3,77.9,63,5.6,0.781
STU_1320,College 4,Control,None,136,274,64.4,71.3,56.2,4.5,0.761
STU_1321,College 6,Control,None,137,322,62.6,71.6,72.3,4.2,0.696
STU_1322,College 6,Gamified,BCI-Neuro,129,233,76.1,92.4,91.6,6.5,0.908
STU_1323,College 2,Control,None,43,77,65.8,65.8,56.7,3.4,0.571
STU_1324,College 2,Control,None,137,287,64.5,68.2,57.4,2.9,0.68
STU_1325,College 2,Gamified,BCI-Neuro,131,286,73.6,89.6,78.5,6.7,0.977
STU_1326,College 2,Gamified,BCI-Neuro,129,323,64.7,79,69,8.5,0.99
STU_1327,College 5,Gamified,SignLang,152,267,68.8,93.5,90.7,8.6,0.99
STU_1328,College 5,Gamified,SignLang,143,279,70.2,85.7,76.5,5.3,0.803
STU_1329,College 3,Control,None,137,254,66.9,72.1,62.1,4.5,0.815
STU_1330,College 1,Control,None,101,222,80,85.3,71,2.8,0.597
STU_1331,College 2,Gamified,NMT-Assist,127,225,72,89.3,84.8,7.6,0.955
STU_1332,College 1,Gamified,BCI-Neuro,119,220,79.7,97.4,83.7,6.9,0.933
STU_1333,College 1,Gamified,TTS-Audio,129,256,65.6,86,85,6.9,0.921
STU_1334,College 1,Control,None,137,315,69.2,77.8,57.1,5,0.781
STU_1335,College 2,Control,None,90,235,62.9,70.8,70.3,4.2,0.657
STU_1336,College 5,Gamified,TTS-Audio,130,277,78,96.1,82.1,6.4,0.925
STU_1337,College 5,Gamified,BCI-Neuro,116,255,51.1,69,65.6,7.6,0.94
STU_1338,College 4,Control,None,145,282,59.1,68.6,67.3,3.8,0.706
STU_1339,College 4,Gamified,TTS-Audio,111,152,55.7,74.7,69.6,5.8,0.815
STU_1340,College 4,Control,None,82,159,74.5,79,63.3,4.1,0.642
STU_1341,College 4,Gamified,BCI-Neuro,115,331,62.8,77.3,79.5,4.8,0.724
STU_1342,College 6,Gamified,BCI-Neuro,131,231,77.3,90.1,74.5,7.4,0.99
STU_1343,College 4,Gamified,TTS-Audio,130,333,69.2,81.1,78.7,7.2,0.985
STU_1344,College 5,Control,None,167,287,86.6,94.6,73.6,4.9,0.894
STU_1345,College 2,Control,None,129,306,51.1,54.3,46.8,5,0.801
STU_1346,College 3,Gamified,SignLang,109,244,55.1,68.1,73.9,5.8,0.744
STU_1347,College 2,Gamified,BCI-Neuro,144,280,48.9,70.9,60.8,7.2,0.973
STU_1348,College 6,Control,None,151,277,72.4,81,72.2,3.1,0.679
STU_1349,College 5,Gamified,SignLang,122,287,71.3,83.3,73.6,5.3,0.803
STU_1350,College 4,Control,None,114,276,72.9,76.5,72.7,3.7,0.752
STU_1351,College 1,Gamified,BCI-Neuro,134,292,82.5,100,90.8,7.2,0.947
STU_1352,College 1,Control,None,150,202,66.9,75.2,64.4,4.3,0.743
STU_1353,College 5,Control,None,99,242,59.3,64.2,49.8,4.5,0.684
STU_1354,College 3,Gamified,NMT-Assist,56,119,58.9,70,61.6,6.3,0.84
STU_1355,College 5,Control,None,142,220,73.2,79.6,71.9,3.2,0.669
STU_1356,College 6,Control,None,128,252,61.4,65.2,53.7,3.9,0.687
STU_1357,College 3,Control,None,86,187,59,61.2,44.6,4.8,0.729
STU_1358,College 3,Gamified,NMT-Assist,72,112,50.9,63.7,59.9,4.9,0.723
STU_1359,College 5,Gamified,BCI-Neuro,132,280,76.4,98.3,85.5,8,0.99
STU_1360,College 5,Control,None,78,179,70.8,75.7,59.7,3.7,0.551
STU_1361,College 1,Gamified,NMT-Assist,163,385,73.5,92.2,76.5,8.1,0.99
STU_1362,College 4,Gamified,NMT-Assist,117,267,64.1,79,62.7,6.6,0.936
STU_1363,College 3,Gamified,SignLang,128,309,73.6,93.2,85.2,6.7,0.907
STU_1364,College 3,Control,None,105,168,48.5,56.5,44.7,6.1,0.714
STU_1365,College 1,Control,None,118,265,65.9,75.9,63.3,5.8,0.851
STU_1366,College 4,Gamified,TTS-Audio,142,324,84.2,97.7,89.2,6.1,0.971
STU_1367,College 6,Gamified,SignLang,113,261,60.1,75.1,60.9,6.6,0.869
STU_1368,College 6,Gamified,TTS-Audio,123,259,54.1,69.5,66.5,6.2,0.948
STU_1369,College 2,Gamified,SignLang,97,208,64.7,80.3,81.9,5.7,0.795
STU_1370,College 2,Gamified,TTS-Audio,145,293,56.5,77,72.4,6.4,0.935
STU_1371,College 4,Gamified,SignLang,126,261,69.7,85.7,83.9,6.8,0.86
STU_1372,College 6,Control,None,109,290,67.5,73.3,61.7,3.4,0.671
STU_1373,College 1,Control,None,138,281,77.5,84.1,58.8,4.9,0.836
STU_1374,College 4,Gamified,SignLang,129,250,64.9,82.6,77.7,7.5,0.99
STU_1375,College 2,Gamified,BCI-Neuro,133,312,70.1,86.4,79.8,7.9,0.915
STU_1376,College 4,Control,None,122,220,55.8,64.7,58.2,1.7,0.58
STU_1377,College 3,Control,None,107,276,70.5,77.9,64.1,3.8,0.694
STU_1378,College 1,Control,None,81,191,65.4,70.4,67.9,3.3,0.48
STU_1379,College 1,Control,None,111,216,69.9,75.3,60.1,4.3,0.714
STU_1380,College 3,Control,None,95,196,69.7,75.4,58.7,3.3,0.6
STU_1381,College 4,Gamified,BCI-Neuro,147,247,65.6,87.4,82.8,8,0.99
STU_1382,College 1,Gamified,BCI-Neuro,75,204,83.6,97.1,92.5,5.7,0.735
STU_1383,College 6,Control,None,125,275,80.9,84,75.7,3.5,0.725
STU_1384,College 6,Gamified,SignLang,140,212,62.8,80.3,73,7.4,0.956
STU_1385,College 1,Gamified,TTS-Audio,105,218,68.3,81.2,71,6.7,0.836
STU_1386,College 2,Gamified,BCI-Neuro,124,251,59.5,75,69.8,6.5,0.895
STU_1387,College 1,Control,None,113,240,67.3,68.2,57.1,2.3,0.592
STU_1388,College 6,Control,None,101,186,65.6,73.4,67.7,5.9,0.858
STU_1389,College 1,Control,None,67,212,68.8,70.3,66.5,3.4,0.584
STU_1390,College 4,Gamified,BCI-Neuro,127,295,64.6,81.3,71.9,6.8,0.956
STU_1391,College 6,Control,None,88,158,61.1,66.3,55.6,4.5,0.716
STU_1392,College 5,Gamified,NMT-Assist,141,294,66.1,81.5,77.9,5.5,0.862
STU_1393,College 3,Control,None,138,215,60.4,64.3,45.4,2.2,0.636
STU_1394,College 4,Control,None,87,250,80.1,85.4,70.7,4.3,0.634
STU_1395,College 2,Control,None,110,195,73.7,76,72.7,4.1,0.787
STU_1396,College 5,Gamified,BCI-Neuro,173,270,80.5,94,90.3,6,0.988
STU_1397,College 1,Control,None,124,276,87.9,92.6,77.8,2.9,0.665
STU_1398,College 6,Gamified,BCI-Neuro,114,231,56.9,74,75,7.2,0.944
STU_1399,College 1,Gamified,TTS-Audio,113,235,75.5,88.5,84.7,5.1,0.765
STU_1400,College 4,Gamified,TTS-Audio,137,234,64.6,85.1,83.8,9.4,0.99
STU_1401,College 2,Control,None,80,169,66.7,70.3,57.3,3.2,0.612
STU_1402,College 5,Control,None,112,245,82,88.2,63.9,4.3,0.691
STU_1403,College 3,Gamified,SignLang,143,312,55.7,72.6,69.9,7.5,0.99
STU_1404,College 2,Control,None,161,461,60.7,68.7,68.1,2.6,0.729
STU_1405,College 2,Gamified,SignLang,148,300,75.9,92,86.6,5.5,0.853
STU_1406,College 4,Gamified,SignLang,91,214,84.2,98.8,85.7,6.4,0.812
STU_1407,College 3,Gamified,BCI-Neuro,79,164,66.3,85.6,65,7.1,0.832
STU_1408,College 2,Gamified,SignLang,89,186,78.1,91.9,84.9,6.4,0.847
STU_1409,College 3,Gamified,BCI-Neuro,114,256,64.1,81.4,64.1,6.8,0.889
STU_1410,College 2,Control,None,106,190,82.2,85.8,65.7,4,0.692
STU_1411,College 1,Control,None,116,261,79.6,85.4,68.3,4.5,0.763
STU_1412,College 6,Control,None,133,276,57.2,64.1,57.5,4.5,0.751
STU_1413,College 2,Control,None,106,226,68,71.4,68.9,4.1,0.678
STU_1414,College 4,Control,None,88,162,65.4,68.4,53.4,2.7,0.615
STU_1415,College 2,Gamified,TTS-Audio,101,193,67.7,84.6,82.4,5.8,0.845
STU_1416,College 2,Gamified,TTS-Audio,166,382,62.3,74.4,72.8,6.1,0.914
STU_1417,College 4,Gamified,BCI-Neuro,98,246,76.3,95.5,92.6,7.8,0.955
STU_1418,College 4,Control,None,96,209,76.4,86.4,68.7,4.3,0.711
STU_1419,College 5,Control,None,133,249,61.9,67.3,59,3.1,0.735
STU_1420,College 6,Gamified,SignLang,119,213,64.2,88.6,78.4,8.3,0.99
STU_1421,College 1,Control,None,104,237,83.6,86.1,74.6,3.3,0.641
STU_1422,College 5,Gamified,TTS-Audio,129,289,75.2,92.8,86.7,7.7,0.972
STU_1423,College 4,Gamified,SignLang,104,209,68.3,91.4,83.5,6.5,0.835
STU_1424,College 3,Control,None,84,226,63.3,69.7,59.4,3.1,0.598
STU_1425,College 6,Gamified,TTS-Audio,83,255,69.1,85,87.4,7.1,0.877
STU_1426,College 2,Gamified,NMT-Assist,130,315,74.1,83.2,76.3,4.1,0.745
STU_1427,College 1,Gamified,TTS-Audio,113,235,59.3,70.3,67.9,6.1,0.834
STU_1428,College 4,Gamified,SignLang,122,190,82.8,100,90,8.7,0.99
STU_1429,College 6,Gamified,NMT-Assist,123,147,74.3,87.5,81.4,6.2,0.945
STU_1430,College 3,Gamified,NMT-Assist,119,299,56.4,75.1,70.6,6.7,0.859
STU_1431,College 1,Control,None,151,277,70.9,81.4,61.5,5.6,0.879
STU_1432,College 3,Control,None,93,157,49.9,55.6,41.6,6.4,0.871
STU_1433,College 2,Gamified,TTS-Audio,140,310,79.2,96.8,89.3,8.1,0.99
STU_1434,College 3,Control,None,122,251,83.5,88.1,85.1,3.5,0.673
STU_1435,College 5,Control,None,145,421,73.6,77.6,67.1,4.8,0.886
STU_1436,College 6,Gamified,TTS-Audio,182,381,69.7,85.9,94.6,6.7,0.99
STU_1437,College 6,Control,None,88,217,63.2,68.3,53,3.3,0.688
STU_1438,College 5,Gamified,SignLang,122,242,72.4,94,84.4,9,0.99
STU_1439,College 1,Gamified,TTS-Audio,141,319,67.6,85.6,88.1,7.2,0.984
STU_1440,College 4,Control,None,119,225,74,79.5,76.1,4.2,0.698
STU_1441,College 3,Control,None,153,235,72.7,78.9,81.3,4,0.812
STU_1442,College 2,Gamified,TTS-Audio,109,280,67.7,88.3,86.6,8,0.99
STU_1443,College 3,Control,None,69,164,70.4,73.7,67.1,2.6,0.548
STU_1444,College 2,Control,None,139,300,55.3,62.4,51.2,4.3,0.773
STU_1445,College 5,Gamified,TTS-Audio,124,208,65.4,77.2,70.7,6.1,0.9
STU_1446,College 5,Gamified,SignLang,110,252,73.6,90.3,75,8.3,0.984
STU_1447,College 6,Gamified,TTS-Audio,130,347,63.8,78.1,78.2,6.4,0.835
STU_1448,College 6,Control,None,104,137,64.1,65.6,58.3,2.3,0.575
STU_1449,College 5,Control,None,102,191,81,84.6,70.7,4,0.638
STU_1450,College 4,Gamified,NMT-Assist,92,185,70.5,86.1,77.3,5.4,0.768
STU_1451,College 4,Control,None,84,181,57.1,58.1,56.6,2.7,0.592
STU_1452,College 2,Control,None,97,156,79.6,85.4,75.4,3.4,0.654
STU_1453,College 6,Gamified,SignLang,167,314,57.9,78.5,68.9,8.6,0.99
STU_1454,College 4,Gamified,BCI-Neuro,87,191,60.2,76.3,70.9,7.3,0.838
STU_1455,College 4,Control,None,88,232,64.5,68.3,60.5,2.6,0.543
STU_1456,College 3,Control,None,156,258,62.1,65.6,57,3.2,0.658
STU_1457,College 4,Gamified,TTS-Audio,129,388,63.8,80.6,75.1,6.6,0.934
STU_1458,College 5,Gamified,BCI-Neuro,133,215,70.8,88.6,74.7,8.1,0.924
STU_1459,College 4,Gamified,NMT-Assist,146,427,46.1,58,44.4,5.4,0.88
STU_1460,College 3,Control,None,140,341,55.5,62.7,55.6,4.7,0.725
STU_1461,College 3,Gamified,BCI-Neuro,117,168,72.4,89.9,89.9,6.8,0.889
STU_1462,College 4,Control,None,114,210,67.2,71.8,71.1,4.5,0.775
STU_1463,College 1,Gamified,TTS-Audio,127,274,72.6,86.6,81.1,5.8,0.82
STU_1464,College 6,Control,None,95,195,75.6,78.2,58.5,3.1,0.621
STU_1465,College 3,Control,None,86,139,63.8,68.7,67.5,3.3,0.654
STU_1466,College 6,Gamified,NMT-Assist,130,205,72.3,87.1,80.6,7.7,0.99
STU_1467,College 2,Control,None,96,187,60.6,64.5,45.4,4.3,0.669
STU_1468,College 3,Control,None,95,200,67.2,71.6,59.2,2.1,0.513
STU_1469,College 3,Control,None,110,172,64.1,69.3,51.3,5.1,0.772
STU_1470,College 4,Gamified,TTS-Audio,152,278,68.4,88.3,76,8.8,0.99
STU_1471,College 2,Gamified,SignLang,94,206,66.5,82.4,80.5,5.6,0.821
STU_1472,College 6,Gamified,NMT-Assist,116,237,71.2,84.2,74.2,6.8,0.945
STU_1473,College 2,Gamified,BCI-Neuro,165,439,69.4,90.2,80.8,8.1,0.99
STU_1474,College 2,Control,None,79,110,72.3,76.4,51.7,4.5,0.632
STU_1475,College 5,Gamified,TTS-Audio,167,390,80.4,97.1,82.4,7.5,0.99
STU_1476,College 1,Gamified,BCI-Neuro,125,265,60.3,80.8,76.5,7.9,0.872
STU_1477,College 4,Gamified,TTS-Audio,128,315,67.3,83.3,75.1,5.5,0.813
STU_1478,College 1,Gamified,BCI-Neuro,124,262,66.8,77.2,74.4,5.6,0.84
STU_1479,College 2,Control,None,78,129,71,79.3,71.9,4.8,0.729
STU_1480,College 4,Control,None,120,156,65.8,73.4,66.8,3.5,0.668
STU_1481,College 1,Control,None,107,242,75.5,79.4,65.3,4.2,0.676
STU_1482,College 4,Gamified,BCI-Neuro,138,314,60.2,79.8,73.9,6.9,0.99
STU_1483,College 1,Gamified,SignLang,128,298,66.9,83.5,77.4,7,0.926
STU_1484,College 1,Gamified,NMT-Assist,124,264,52.9,69.7,62.3,6.7,0.924
STU_1485,College 1,Control,None,138,310,64.2,70.8,63,3.6,0.688
STU_1486,College 6,Gamified,NMT-Assist,107,246,63.8,78.2,77.5,5.9,0.828
STU_1487,College 5,Gamified,BCI-Neuro,149,366,63.7,84.1,73.5,7.8,0.99
STU_1488,College 2,Control,None,70,174,59.6,62.6,50.2,2.4,0.586
STU_1489,College 2,Control,None,58,194,64.5,67.2,61.8,3.4,0.506
STU_1490,College 4,Gamified,BCI-Neuro,88,282,51,65.1,58.4,5.5,0.79
STU_1491,College 3,Control,None,67,121,58,60.5,61,4,0.636
STU_1492,College 3,Control,None,112,362,67.8,75.3,59.7,3.9,0.766
STU_1493,College 6,Gamified,NMT-Assist,95,248,64.2,78.1,67.5,6.7,0.827
STU_1494,College 2,Control,None,118,298,77,80.6,64.6,2.4,0.548
STU_1495,College 3,Control,None,94,207,79.7,85.7,80.5,4.2,0.718
STU_1496,College 3,Gamified,SignLang,98,208,60.2,79.9,82.8,7.1,0.931
STU_1497,College 5,Control,None,101,189,69.4,78.3,74.5,4.7,0.741
STU_1498,College 3,Control,None,125,229,64.9,67.1,58,3.3,0.616
STU_1499,College 6,Gamified,TTS-Audio,145,253,52.4,65.4,72.2,6.6,0.958
STU_1500,College 1,Control,None,116,282,70.7,75.1,75.3,4.3,0.727
STU_1501,College 5,Control,None,117,205,77.7,80.5,79,4.9,0.764
STU_1502,College 5,Gamified,BCI-Neuro,91,208,50.5,71.6,54,7.5,0.922
STU_1503,College 3,Gamified,BCI-Neuro,101,187,64.1,78.3,65.1,6.5,0.843
STU_1504,College 1,Control,None,139,258,77.1,82.1,82.8,5.1,0.801
STU_1505,College 2,Control,None,86,112,77.9,80.3,75.1,3.6,0.665
STU_1506,College 5,Control,None,130,240,64.9,71.2,58.5,3,0.594
STU_1507,College 2,Gamified,NMT-Assist,131,288,74.5,91.3,76.4,8,0.99
STU_1508,College 2,Control,None,136,294,75.4,78.6,71.1,3.7,0.735
STU_1509,College 1,Control,None,184,376,58.5,69.1,62.1,5.8,0.935
STU_1510,College 3,Control,None,79,152,64.7,67.2,55.4,2.5,0.484
STU_1511,College 2,Control,None,66,62,67.3,72.5,59,2.7,0.556
STU_1512,College 4,Control,None,92,165,57.1,61.5,58.8,3,0.585
STU_1513,College 4,Control,None,97,192,68.1,76.4,65.6,2.9,0.557
STU_1514,College 1,Gamified,NMT-Assist,102,242,64.2,84.3,73.4,7.5,0.949
STU_1515,College 5,Gamified,TTS-Audio,162,277,73.2,87.2,77.6,6.5,0.973
STU_1516,College 4,Gamified,TTS-Audio,106,288,64.7,85.2,84.6,6.5,0.862
STU_1517,College 3,Gamified,SignLang,144,210,64,80.8,69.3,5.9,0.86
STU_1518,College 4,Gamified,TTS-Audio,135,314,72.7,90.7,84.4,7.2,0.92
STU_1519,College 4,Gamified,TTS-Audio,85,224,69.5,83.8,77.4,6.5,0.859
STU_1520,College 6,Control,None,102,148,62.6,67.6,59.2,2.4,0.555
STU_1521,College 2,Gamified,NMT-Assist,116,247,58,78.8,64.5,8.4,0.928
STU_1522,College 4,Control,None,127,286,67.2,75,47.4,4.8,0.767
STU_1523,College 3,Gamified,BCI-Neuro,152,267,61.1,79.7,76.9,7.3,0.986
STU_1524,College 4,Control,None,141,290,69.2,74.2,67.3,5.9,0.9
STU_1525,College 1,Gamified,NMT-Assist,116,236,57.8,71,68.7,6.1,0.883
STU_1526,College 5,Gamified,TTS-Audio,100,219,77.7,89.6,69.8,5.7,0.787
STU_1527,College 5,Control,None,119,248,69.6,76.5,67.1,3.9,0.66
STU_1528,College 6,Control,None,57,125,56.1,60.2,55.8,3.1,0.546
STU_1529,College 1,Control,None,147,199,62.6,68.5,57.7,3.7,0.652
STU_1530,College 3,Control,None,138,279,72,75.9,61,2.9,0.673
STU_1531,College 3,Gamified,BCI-Neuro,142,240,66.5,86,79.9,7.4,0.967
STU_1532,College 4,Control,None,135,312,54.6,59.6,51.9,2.6,0.653
STU_1533,College 5,Gamified,NMT-Assist,153,294,72.5,81.5,70,7,0.907
STU_1534,College 3,Gamified,SignLang,121,241,57.5,73.5,66.2,6.5,0.89
STU_1535,College 4,Control,None,140,213,69.7,75.3,60.4,3.7,0.764
STU_1536,College 3,Gamified,TTS-Audio,89,179,50.1,67.2,69.7,6.9,0.888
STU_1537,College 3,Control,None,77,152,58.9,62.3,59,4.3,0.709
STU_1538,College 2,Gamified,NMT-Assist,186,454,71.9,86.6,77,5.3,0.851
STU_1539,College 2,Control,None,118,167,64.3,72,55.8,4.8,0.77
STU_1540,College 1,Gamified,NMT-Assist,100,230,71.3,86.3,78.1,6.2,0.842
STU_1541,College 4,Gamified,SignLang,103,241,58.7,70.5,63,6.5,0.843
STU_1542,College 6,Control,None,102,151,77.8,80.9,74,4,0.681
STU_1543,College 1,Control,None,115,168,62.6,72.4,71.8,3.3,0.686
STU_1544,College 4,Gamified,SignLang,132,178,66.1,81.1,78.9,7.1,0.922
STU_1545,College 2,Control,None,140,345,63.5,67.5,60.4,3.5,0.734
STU_1546,College 6,Control,None,119,242,63.1,69.9,60.1,2.8,0.693
STU_1547,College 6,Gamified,SignLang,98,227,66.9,78.1,77.4,4,0.694
STU_1548,College 3,Gamified,SignLang,103,146,71.5,90.4,85.7,9.1,0.99
STU_1549,College 4,Control,None,102,260,62.2,67.6,68.5,3.9,0.655
STU_1550,College 5,Control,None,58,72,73.5,79.6,63.9,4.1,0.56
STU_1551,College 6,Gamified,BCI-Neuro,144,246,75.1,91.4,77.8,5.7,0.899
STU_1552,College 3,Control,None,95,237,58.2,61.4,60.7,3.8,0.647
STU_1553,College 3,Gamified,NMT-Assist,97,299,57.1,71.5,71.6,7.4,0.89
STU_1554,College 4,Gamified,BCI-Neuro,150,462,71.5,88.3,78.2,6.4,0.851
STU_1555,College 4,Control,None,129,247,50,53.2,44.8,4.8,0.789
STU_1556,College 3,Control,None,81,204,54.9,61.7,50.2,4.6,0.715
STU_1557,College 2,Control,None,71,156,77.9,79.1,67.3,2.9,0.628
STU_1558,College 3,Control,None,85,201,67.9,73,69.1,3.8,0.673
STU_1559,College 1,Control,None,82,185,76.5,80.3,69.2,3.8,0.622
STU_1560,College 2,Control,None,106,277,60.1,64.3,55.2,4.8,0.774
STU_1561,College 6,Control,None,135,360,43.4,49.9,33.9,2.6,0.695
STU_1562,College 2,Control,None,117,236,74.2,80,76.1,4.7,0.694
STU_1563,College 6,Control,None,79,135,60.7,69.2,56.1,4.8,0.689
STU_1564,College 3,Control,None,61,112,57.4,60.6,50.4,3.2,0.543
STU_1565,College 2,Control,None,139,360,56.6,64.4,52.3,3.6,0.755
STU_1566,College 5,Gamified,TTS-Audio,116,304,71.1,81.7,66.1,5.6,0.79
STU_1567,College 6,Gamified,SignLang,135,245,59.2,74.4,62.8,7,0.99
STU_1568,College 2,Gamified,SignLang,125,262,63.3,82.4,70.1,6,0.839
STU_1569,College 5,Control,None,103,228,67.3,72.7,65.3,3.5,0.679
STU_1570,College 2,Gamified,TTS-Audio,137,231,85,100,96.7,7.5,0.953
STU_1571,College 2,Control,None,66,98,56.7,60.6,45.4,4.1,0.594
STU_1572,College 1,Control,None,78,195,66.6,72.4,62.4,4.9,0.65
STU_1573,College 1,Gamified,BCI-Neuro,113,226,70.9,90.2,85,7.2,0.863
STU_1574,College 2,Control,None,120,215,73.2,76.6,63.5,3.5,0.717
STU_1575,College 2,Gamified,NMT-Assist,161,343,80.5,99.6,98.6,6.7,0.974
STU_1576,College 5,Gamified,TTS-Audio,147,231,49.9,72.6,64.5,7.6,0.982
STU_1577,College 6,Control,None,124,307,52,61,45.3,3.5,0.609
STU_1578,College 2,Control,None,105,168,70.7,78.3,65.2,5.1,0.782
STU_1579,College 6,Control,None,138,249,67.4,74.6,65.2,4.1,0.746
STU_1580,College 1,Gamified,NMT-Assist,136,265,88,100,85.5,5.9,0.804
STU_1581,College 1,Gamified,NMT-Assist,161,336,77.4,93.7,81.9,4.4,0.789
STU_1582,College 6,Control,None,66,155,56.7,59.5,38.8,2.3,0.553
STU_1583,College 5,Control,None,130,259,48.9,54.4,49.1,2.9,0.581
STU_1584,College 6,Control,None,143,433,50.7,53.5,48.1,3.1,0.614
STU_1585,College 2,Control,None,97,271,70.4,74,63.6,3.7,0.648
STU_1586,College 1,Control,None,135,312,70.1,75.5,74.7,3.1,0.666
STU_1587,College 2,Control,None,108,139,59,65.8,63.4,3.1,0.629
STU_1588,College 5,Gamified,SignLang,116,195,74.9,97.8,92.8,8.3,0.99
STU_1589,College 3,Gamified,NMT-Assist,102,191,72.1,85.3,81.8,4.8,0.675
STU_1590,College 6,Gamified,SignLang,90,177,68.8,84,73.2,5,0.718
STU_1591,College 5,Gamified,SignLang,130,245,67.7,84.3,84.5,5.9,0.803
STU_1592,College 5,Gamified,BCI-Neuro,181,375,65.2,84.1,79.3,7.6,0.99
STU_1593,College 3,Control,None,80,136,66.1,68.6,49.4,4.4,0.606
STU_1594,College 5,Gamified,BCI-Neuro,120,294,73,88.2,89.3,7.9,0.922
STU_1595,College 4,Gamified,NMT-Assist,155,408,73.2,89.6,77.7,7.4,0.984
STU_1596,College 5,Control,None,78,223,69.8,74.3,66.8,3.9,0.569
STU_1597,College 5,Gamified,BCI-Neuro,118,291,52.7,67.4,70.1,5.5,0.757
STU_1598,College 1,Control,None,72,168,60.5,64.7,58,4.1,0.634
STU_1599,College 6,Control,None,119,322,58.9,66,49.8,4.2,0.779
STU_1600,College 1,Gamified,BCI-Neuro,100,209,71.9,92,76.6,8,0.943
STU_1601,College 4,Control,None,108,249,71,81,68.6,3,0.538
STU_1602,College 6,Control,None,106,234,56,62.7,65.2,4.4,0.783
STU_1603,College 4,Gamified,SignLang,138,271,66.7,80.2,74.9,5.1,0.871
STU_1604,College 4,Control,None,91,249,66.4,76.5,59.4,5.5,0.764
STU_1605,College 3,Control,None,85,227,41.5,45.2,41.5,2.9,0.598
STU_1606,College 6,Control,None,132,199,82.6,88.2,77.8,4.1,0.759
STU_1607,College 4,Control,None,115,262,72,80.5,64.8,5,0.807
STU_1608,College 1,Gamified,BCI-Neuro,127,260,69.5,88.5,70.8,6.8,0.941
STU_1609,College 1,Gamified,NMT-Assist,125,231,59.1,75.7,73.4,6.2,0.875
STU_1610,College 5,Control,None,105,171,65.8,71.3,55.1,5,0.71
STU_1611,College 6,Control,None,94,207,61.9,70.6,64.5,4.4,0.72
STU_1612,College 3,Gamified,SignLang,123,316,59.7,77.7,65.7,7,0.946
STU_1613,College 4,Control,None,107,189,75.1,78.5,65.5,2.3,0.558
STU_1614,College 4,Gamified,SignLang,102,206,70.9,87.4,70.8,5.8,0.84
STU_1615,College 6,Gamified,TTS-Audio,91,172,53.6,67.5,70.2,6.3,0.867
STU_1616,College 5,Gamified,NMT-Assist,105,158,78,91.6,84.8,6.7,0.897
STU_1617,College 2,Gamified,TTS-Audio,145,335,66,83.9,78.9,7.8,0.989
STU_1618,College 2,Gamified,NMT-Assist,89,217,68.3,80.1,67.9,5.4,0.735
STU_1619,College 3,Gamified,NMT-Assist,118,283,67.7,88.4,70.7,9.1,0.99
STU_1620,College 3,Gamified,SignLang,116,286,69,89.8,95,7.4,0.94
STU_1621,College 1,Control,None,169,425,61.7,66.9,48.6,3.6,0.774
STU_1622,College 6,Control,None,139,411,65.6,72.9,75.2,3.6,0.768
STU_1623,College 4,Gamified,SignLang,116,254,85.4,97.1,91.7,6.5,0.876
STU_1624,College 3,Gamified,NMT-Assist,122,244,73.7,87.8,82.2,5.8,0.829
STU_1625,College 1,Control,None,71,142,65,70.1,70.7,3.1,0.583
STU_1626,College 5,Gamified,SignLang,165,296,65.6,86.3,75.6,8.3,0.99
STU_1627,College 5,Gamified,BCI-Neuro,76,233,59,69.3,67.9,5.2,0.743
STU_1628,College 2,Gamified,TTS-Audio,138,323,54.4,69.4,65.1,7.5,0.957
STU_1629,College 6,Control,None,97,209,71.7,76.8,57.5,4.3,0.767
STU_1630,College 1,Control,None,134,275,72.1,78.5,62,4.8,0.807
STU_1631,College 2,Control,None,115,291,80.8,88.1,88.4,3.9,0.699
STU_1632,College 1,Control,None,100,182,80.2,85.6,71,3.3,0.697
STU_1633,College 1,Gamified,SignLang,124,252,62.2,79.3,70,6.6,0.907
STU_1634,College 6,Control,None,144,285,61,65.9,65.5,3.5,0.711
STU_1635,College 6,Gamified,TTS-Audio,103,322,55.7,66.6,64.5,6.7,0.903
STU_1636,College 3,Control,None,124,195,78.1,81,71.4,2.6,0.698
STU_1637,College 5,Gamified,NMT-Assist,120,164,59.9,76.5,76.1,6.6,0.841
STU_1638,College 2,Gamified,BCI-Neuro,134,230,75,92.3,79.3,7.3,0.99
STU_1639,College 4,Control,None,88,163,82.9,87.6,84.1,3.6,0.672
STU_1640,College 6,Gamified,BCI-Neuro,190,432,53.8,69.6,61.3,7.5,0.99
STU_1641,College 4,Control,None,145,282,64.7,66.6,61.1,3.6,0.689
STU_1642,College 2,Control,None,152,387,59.6,63.8,62.8,4.9,0.779
STU_1643,College 2,Gamified,SignLang,128,412,66.7,82.2,80.8,6.3,0.899
STU_1644,College 3,Gamified,SignLang,151,267,72.7,92.5,86,6.7,0.915
STU_1645,College 5,Gamified,NMT-Assist,125,264,66.4,82.3,70.8,7.2,0.97
STU_1646,College 1,Control,None,95,233,58.3,60.6,50.9,1.1,0.456
STU_1647,College 2,Control,None,129,231,82.8,91,85.4,4.6,0.745
STU_1648,College 4,Control,None,83,130,58.9,60.6,56.8,4.3,0.668
STU_1649,College 3,Control,None,141,313,63.6,68.6,60.1,4.2,0.689
STU_1650,College 2,Gamified,NMT-Assist,116,204,64.4,78.6,63.6,6.1,0.928
STU_1651,College 2,Gamified,BCI-Neuro,118,306,68.1,85.8,78.8,6.7,0.916
STU_1652,College 1,Control,None,106,247,67.3,72.6,62.5,3.6,0.691
STU_1653,College 6,Gamified,SignLang,137,196,53.2,65.7,66.8,6.5,0.866
STU_1654,College 5,Gamified,TTS-Audio,123,176,50.3,64.4,53.3,6,0.877
STU_1655,College 2,Gamified,BCI-Neuro,128,262,68.6,84,91.5,5.6,0.829
STU_1656,College 5,Control,None,161,410,75.9,80.2,70.1,5.3,0.912
STU_1657,College 1,Gamified,TTS-Audio,170,364,95,100,91.9,6.4,0.986
STU_1658,College 2,Gamified,BCI-Neuro,153,321,58.9,75.8,66,6.4,0.99
STU_1659,College 2,Gamified,NMT-Assist,114,228,74.5,85.6,61.8,6.2,0.9
STU_1660,College 2,Control,None,120,234,65.1,68.1,54,4.2,0.787
STU_1661,College 2,Control,None,119,191,57.3,62.8,61.2,3.9,0.663
STU_1662,College 2,Control,None,134,209,69.2,75,59.3,5,0.866
STU_1663,College 5,Control,None,114,225,70.2,78,69.1,4.1,0.691
STU_1664,College 6,Control,None,128,267,74.3,79.6,76.1,2.1,0.607
STU_1665,College 4,Control,None,83,205,67.7,70.6,65,3.5,0.623
STU_1666,College 3,Gamified,BCI-Neuro,153,303,47.8,67.4,69.8,8.5,0.99
STU_1667,College 2,Gamified,BCI-Neuro,84,131,79.8,91.2,74.7,6.9,0.866
STU_1668,College 4,Control,None,139,291,78.1,81.2,66,4.9,0.732
STU_1669,College 5,Gamified,NMT-Assist,156,388,59.9,75.2,67.3,8.2,0.99
STU_1670,College 6,Gamified,SignLang,145,306,65.9,83.6,82.8,6.4,0.926
STU_1671,College 5,Gamified,TTS-Audio,136,266,72.7,89.6,83.2,7.6,0.968
STU_1672,College 2,Gamified,TTS-Audio,101,300,72,81.1,77.6,6.5,0.918
STU_1673,College 2,Gamified,NMT-Assist,137,212,59.3,80.4,75.4,8.3,0.99
STU_1674,College 4,Gamified,TTS-Audio,95,172,55.3,70,61.8,5.9,0.732
STU_1675,College 2,Gamified,BCI-Neuro,149,303,71.2,88.9,87.2,5.4,0.887
STU_1676,College 3,Gamified,BCI-Neuro,125,285,64.5,81.6,79.4,6.3,0.87
STU_1677,College 4,Gamified,BCI-Neuro,124,233,63.9,84.6,82.2,6.7,0.883
STU_1678,College 6,Gamified,SignLang,134,270,55.9,79.5,82.5,8.1,0.99
STU_1679,College 1,Control,None,124,285,67.8,70,59.3,4.2,0.703
STU_1680,College 6,Gamified,BCI-Neuro,134,332,73.2,93.9,94.2,8,0.99
STU_1681,College 5,Gamified,BCI-Neuro,156,351,77.6,96.6,86.3,7,0.947
STU_1682,College 5,Gamified,SignLang,135,320,71.2,85.5,86.1,7.3,0.99
STU_1683,College 6,Gamified,BCI-Neuro,134,261,62.4,77.4,79.7,6.8,0.886
STU_1684,College 6,Gamified,SignLang,137,280,67.3,77.5,62.8,6.6,0.936
STU_1685,College 6,Gamified,BCI-Neuro,148,316,61.7,78.1,73.6,7.3,0.97
STU_1686,College 3,Control,None,97,247,61.9,64.2,59,1.9,0.496
STU_1687,College 3,Gamified,BCI-Neuro,126,238,57.8,72.9,56.3,5.5,0.748
STU_1688,College 5,Control,None,104,130,70.4,72.2,59.3,3.3,0.6
STU_1689,College 1,Control,None,103,167,75.7,82.4,65.1,4.9,0.79
STU_1690,College 4,Gamified,BCI-Neuro,132,263,60.1,74.2,68.3,6.4,0.832
STU_1691,College 2,Gamified,BCI-Neuro,79,196,66.9,85,80.4,8,0.961
STU_1692,College 2,Control,None,118,295,65.6,74.3,66.8,5.5,0.794
STU_1693,College 1,Control,None,113,290,71.8,80.4,81.8,3.6,0.683
STU_1694,College 3,Gamified,SignLang,145,226,64.9,83.3,79.1,6.7,0.91
STU_1695,College 1,Control,None,128,146,57,63.9,59.2,2.9,0.637
STU_1696,College 6,Control,None,108,246,64.1,65.5,51.9,3.6,0.654
STU_1697,College 3,Gamified,BCI-Neuro,147,349,59.8,76,71.9,7.4,0.938
STU_1698,College 6,Control,None,140,330,62.1,70.7,61.3,4.6,0.779
STU_1699,College 3,Control,None,109,193,67.2,70.9,73.6,4.8,0.754
STU_1700,College 6,Gamified,BCI-Neuro,140,217,52.9,70.1,59.8,6.9,0.924
STU_1701,College 6,Gamified,BCI-Neuro,96,252,55.3,73.9,72.6,8.5,0.952
STU_1702,College 5,Gamified,TTS-Audio,137,234,75,90.9,91.7,6.9,0.934
STU_1703,College 2,Gamified,SignLang,102,249,59,74.8,70.6,6.7,0.844
STU_1704,College 5,Control,None,81,94,65.7,74,64.8,4.9,0.753
STU_1705,College 1,Gamified,SignLang,140,356,60.6,75,58.9,6,0.801
STU_1706,College 6,Gamified,TTS-Audio,111,215,66.6,84.4,75.5,5.9,0.806
STU_1707,College 3,Control,None,109,304,64.1,73,59.6,3.5,0.679
STU_1708,College 4,Gamified,TTS-Audio,113,274,75.9,94,82.9,7.2,0.88
STU_1709,College 3,Gamified,NMT-Assist,140,245,66.1,81.6,78.2,6.6,0.884
STU_1710,College 5,Control,None,147,307,73.5,80,69.5,3.9,0.748
STU_1711,College 2,Gamified,BCI-Neuro,85,200,59.2,69.1,65,5.4,0.787
STU_1712,College 2,Gamified,BCI-Neuro,103,123,77.9,95.6,92.4,6.8,0.835
STU_1713,College 2,Control,None,71,144,88.4,89.5,74.8,3.1,0.568
STU_1714,College 2,Gamified,BCI-Neuro,124,308,78.3,96.7,82.7,7.3,0.949
STU_1715,College 5,Gamified,TTS-Audio,138,358,78,93.5,92.5,6,0.925
STU_1716,College 5,Control,None,126,288,64.2,69.1,64.7,2,0.6
STU_1717,College 2,Gamified,BCI-Neuro,142,415,66,81.3,73.7,6.2,0.934
STU_1718,College 5,Gamified,SignLang,98,199,66.6,79.6,71.7,6.1,0.829
STU_1719,College 6,Control,None,67,225,51.2,53.2,50.8,2.8,0.47
STU_1720,College 3,Gamified,NMT-Assist,133,240,72.5,92.5,88.3,7.1,0.957
STU_1721,College 2,Control,None,115,315,72,76.8,66.9,2.5,0.569
STU_1722,College 6,Gamified,BCI-Neuro,119,195,62.3,74.7,61.8,5.7,0.878
STU_1723,College 5,Control,None,163,315,64.3,70.6,60.2,3,0.655
STU_1724,College 1,Control,None,114,261,68.1,70,64.8,3.3,0.656
STU_1725,College 5,Control,None,75,83,79.3,87.5,75.6,4.8,0.733
STU_1726,College 2,Control,None,151,321,59.9,64.2,63,3.3,0.662
STU_1727,College 5,Gamified,NMT-Assist,117,194,77.9,96.7,85.6,6.3,0.809
STU_1728,College 6,Gamified,NMT-Assist,98,160,53.4,68.1,69.5,6.3,0.846
STU_1729,College 2,Gamified,TTS-Audio,120,248,67.7,80.7,79.1,6.1,0.863
STU_1730,College 6,Gamified,NMT-Assist,157,359,63,80.5,88.8,6.7,0.955
STU_1731,College 3,Gamified,TTS-Audio,126,351,57.2,71.9,81.3,6.3,0.936
STU_1732,College 2,Control,None,151,396,64,68,66.4,2.6,0.674
STU_1733,College 6,Control,None,121,210,75.1,78.8,64.5,4.3,0.714
STU_1734,College 6,Gamified,BCI-Neuro,106,188,57.9,74.1,65.7,6.3,0.889
STU_1735,College 6,Gamified,SignLang,99,271,58.9,76.2,84,7.1,0.875
STU_1736,College 3,Gamified,NMT-Assist,163,348,62.2,75.9,75.5,7.4,0.99
STU_1737,College 5,Gamified,NMT-Assist,60,126,82.8,93.7,81.2,6.7,0.842
STU_1738,College 1,Control,None,120,184,64.9,66.3,47.2,2.2,0.572
STU_1739,College 1,Control,None,96,191,70.6,72.4,62.6,3.2,0.732
STU_1740,College 1,Control,None,112,226,65.4,72.2,63.7,3.6,0.698
STU_1741,College 1,Control,None,77,130,67.5,73.5,62.8,3.2,0.672
STU_1742,College 6,Control,None,82,139,52.3,55.8,47.7,5.2,0.675
STU_1743,College 4,Control,None,124,305,65.4,71.8,62.2,4.9,0.758
STU_1744,College 5,Gamified,BCI-Neuro,100,246,75.3,92.6,91.5,4.8,0.756
STU_1745,College 5,Control,None,157,354,73.1,79.2,72.4,4,0.791
STU_1746,College 1,Control,None,90,197,74.8,82.1,58.4,4.1,0.699
STU_1747,College 5,Control,None,106,246,63.2,71.2,66.1,5.3,0.803
STU_1748,College 3,Control,None,93,234,66.7,70.7,66.2,3.8,0.648
STU_1749,College 5,Gamified,TTS-Audio,155,296,49.7,66.8,56.4,7.1,0.99
STU_1750,College 5,Gamified,TTS-Audio,116,214,71.6,82.6,76.2,7,0.855
STU_1751,College 6,Gamified,SignLang,132,205,52.4,67.5,66,7.3,0.959
STU_1752,College 4,Gamified,NMT-Assist,125,240,71.1,86.5,75.9,8.2,0.99
STU_1753,College 3,Gamified,BCI-Neuro,114,220,60.2,80.2,71.8,5.8,0.881
STU_1754,College 3,Gamified,TTS-Audio,106,206,53.1,66.1,62.7,5.7,0.802
STU_1755,College 6,Control,None,106,229,57.3,62.3,59.4,3.2,0.539
STU_1756,College 4,Gamified,BCI-Neuro,130,315,70.3,91.6,82.6,8.1,0.99
STU_1757,College 3,Control,None,158,271,63.5,70.5,50.9,4.7,0.82
STU_1758,College 6,Gamified,TTS-Audio,113,301,50.4,65.4,56.9,5.6,0.895
STU_1759,College 1,Control,None,123,250,71.4,77,70.1,4,0.748
STU_1760,College 2,Control,None,119,187,78.9,86.4,74.2,4.2,0.764
STU_1761,College 2,Control,None,127,226,66.7,73,62.8,4,0.716
STU_1762,College 6,Control,None,107,276,57.3,60.5,49.4,2.6,0.611
STU_1763,College 6,Gamified,TTS-Audio,92,243,70.3,83.8,86.4,6.2,0.838
STU_1764,College 6,Gamified,TTS-Audio,127,259,59.3,73.8,71.2,5.6,0.826
STU_1765,College 5,Control,None,75,137,71.3,75.9,77.3,3.6,0.633
STU_1766,College 3,Gamified,TTS-Audio,140,309,73.3,88,90.9,6.3,0.816
STU_1767,College 1,Gamified,SignLang,173,404,59.3,79.3,69.4,7.4,0.99
STU_1768,College 2,Control,None,97,189,54,60.6,54.2,4.3,0.673
STU_1769,College 5,Gamified,BCI-Neuro,138,291,74.5,92.6,78.8,7.6,0.95
STU_1770,College 4,Control,None,121,194,64.7,71.4,57.9,5.6,0.755
STU_1771,College 5,Control,None,59,76,72.9,76.5,76.8,4.2,0.67
STU_1772,College 1,Gamified,NMT-Assist,121,287,62.5,78.4,68.6,5.6,0.827
STU_1773,College 2,Gamified,BCI-Neuro,165,268,76.9,96.8,95.3,7.5,0.99
STU_1774,College 4,Control,None,126,202,57.9,64.4,61.9,4.7,0.809
STU_1775,College 4,Gamified,TTS-Audio,166,318,66.2,82.6,64,5.8,0.872
STU_1776,College 1,Control,None,120,266,66.7,72,50.9,2.6,0.63
STU_1777,College 2,Control,None,127,296,66.3,71.2,72.7,3,0.562
STU_1778,College 6,Control,None,150,405,63.7,71,59.2,4.4,0.773
STU_1779,College 6,Gamified,SignLang,89,195,66,82,80.5,6.6,0.844
STU_1780,College 4,Control,None,97,219,68.1,71.5,57.3,2.5,0.552
STU_1781,College 3,Gamified,NMT-Assist,111,216,74,88.8,87,6.7,0.914
STU_1782,College 5,Gamified,NMT-Assist,146,154,58.7,72.5,72.4,5.7,0.94
STU_1783,College 5,Gamified,NMT-Assist,116,261,57.3,72.4,67.9,7.2,0.89
STU_1784,College 4,Control,None,96,223,65.2,70,53.3,2.9,0.614
STU_1785,College 3,Control,None,90,157,75.6,78.9,62,2.8,0.617
STU_1786,College 4,Control,None,129,308,64.6,68.1,49.5,3,0.686
STU_1787,College 5,Gamified,BCI-Neuro,135,235,64.1,77.5,75.9,6.5,0.94
STU_1788,College 6,Control,None,74,147,59.8,61.2,59.3,3.1,0.69
STU_1789,College 2,Control,None,186,404,55.7,60.6,56.4,3.7,0.762
STU_1790,College 1,Control,None,151,285,53,60.2,53.9,3.1,0.716
STU_1791,College 1,Gamified,SignLang,147,302,73.3,89.9,86.2,6,0.878
STU_1792,College 1,Control,None,144,359,81.4,86.7,76.7,3.9,0.727
STU_1793,College 1,Gamified,SignLang,75,176,70.4,82.4,78.7,6.2,0.79
STU_1794,College 6,Gamified,TTS-Audio,131,331,55.7,71.4,73.2,7.4,0.951
STU_1795,College 2,Control,None,97,224,65.9,70.6,53,4.1,0.701
STU_1796,College 5,Gamified,TTS-Audio,163,449,83.2,100,95.3,8.1,0.99
STU_1797,College 2,Gamified,BCI-Neuro,107,202,67.8,83.4,85,6.4,0.834
STU_1798,College 1,Control,None,107,258,75.3,81.3,76.6,3.3,0.577
STU_1799,College 4,Gamified,SignLang,141,293,66.8,80.1,71,5.8,0.93
STU_1800,College 3,Control,None,59,148,72.7,78.8,74.2,3.8,0.593
STU_1801,College 2,Gamified,TTS-Audio,121,235,74,89.7,84.6,7.5,0.956
STU_1802,College 3,Control,None,98,210,72.6,75.7,60.7,1.8,0.528
STU_1803,College 1,Control,None,119,262,58,65.5,62.7,3.7,0.656
STU_1804,College 5,Control,None,89,147,65.6,69.2,59.6,2.8,0.602
STU_1805,College 3,Control,None,153,426,71,79,67,5,0.931
STU_1806,College 3,Gamified,NMT-Assist,127,243,70.3,86,76.4,5.8,0.875
STU_1807,College 3,Gamified,BCI-Neuro,101,171,82.1,97.8,84.8,7.5,0.899
STU_1808,College 5,Gamified,TTS-Audio,115,265,76.7,88.9,70.5,5.7,0.847
STU_1809,College 4,Gamified,BCI-Neuro,157,236,58.3,76.3,76.4,7.9,0.99
STU_1810,College 5,Gamified,SignLang,148,350,67.9,84.1,70.2,7,0.98
STU_1811,College 5,Gamified,TTS-Audio,108,169,75.1,90,81.1,6.4,0.897
STU_1812,College 4,Control,None,120,251,69.2,76.7,70.4,4,0.725
STU_1813,College 1,Gamified,SignLang,141,381,75.5,93.6,90.7,7.3,0.957
STU_1814,College 6,Control,None,110,157,59.2,64.9,53.4,3.9,0.752
STU_1815,College 2,Control,None,169,286,86.9,92.7,80.9,3.4,0.756
STU_1816,College 2,Gamified,NMT-Assist,165,374,68.1,86.4,88.3,6.5,0.99
STU_1817,College 5,Gamified,NMT-Assist,111,227,61,80.3,73.8,7.6,0.891
STU_1818,College 4,Control,None,91,196,67.1,69.7,62.6,3.2,0.538
STU_1819,College 6,Gamified,NMT-Assist,96,192,53.8,64.9,50,5.3,0.738
STU_1820,College 3,Control,None,142,241,66.1,73.1,63.2,4.9,0.807
STU_1821,College 4,Gamified,NMT-Assist,128,266,60.4,76,73,6.1,0.888
STU_1822,College 6,Gamified,SignLang,119,291,63.1,81.2,84.6,6.8,0.845
STU_1823,College 4,Gamified,TTS-Audio,96,98,50.5,67,59,6.9,0.89
STU_1824,College 3,Gamified,SignLang,106,226,64.1,83.1,79.5,7.6,0.892
STU_1825,College 2,Gamified,BCI-Neuro,102,189,87.3,100,82.1,7.1,0.872
STU_1826,College 6,Gamified,NMT-Assist,114,218,73.1,88.8,73.2,7.7,0.936
STU_1827,College 5,Control,None,125,250,78.8,85.2,69.6,4.7,0.707
STU_1828,College 2,Gamified,SignLang,153,228,70,88.5,84.4,8.2,0.99
STU_1829,College 2,Control,None,84,176,56.5,61.3,56.6,3.3,0.695
STU_1830,College 2,Gamified,SignLang,155,371,76.6,86,85.4,6,0.934
STU_1831,College 3,Gamified,NMT-Assist,110,207,66.6,79.7,78.9,5.7,0.814
STU_1832,College 6,Control,None,56,83,64.7,67.5,55.6,2.6,0.529
STU_1833,College 3,Gamified,TTS-Audio,115,268,72.8,88.5,76.5,6.3,0.882
STU_1834,College 3,Gamified,NMT-Assist,124,195,63.1,78.9,74.8,4.7,0.732
STU_1835,College 1,Control,None,83,172,69.5,75,70.8,5.2,0.713
STU_1836,College 5,Gamified,BCI-Neuro,98,177,81.5,97.6,90.9,6.7,0.87
STU_1837,College 1,Control,None,114,205,60,63.6,61.5,4.7,0.741
STU_1838,College 4,Control,None,175,376,68.2,77.8,75.8,4.9,0.885
STU_1839,College 1,Gamified,SignLang,130,340,71.5,83.8,90.9,5.5,0.818
STU_1840,College 5,Gamified,TTS-Audio,146,237,68.7,82.1,79.4,6.2,0.845
STU_1841,College 4,Gamified,NMT-Assist,102,223,67.4,83.9,81.9,6.8,0.933
STU_1842,College 6,Control,None,73,153,69.1,71.5,62,4.3,0.674
STU_1843,College 6,Control,None,141,290,64,72.2,70.5,4.6,0.803
STU_1844,College 6,Control,None,132,321,52.8,55.8,51,4.4,0.731
STU_1845,College 5,Gamified,TTS-Audio,137,290,55.2,66.8,62.5,8.6,0.99
STU_1846,College 3,Control,None,118,246,64,71.5,48.3,4,0.665
STU_1847,College 5,Control,None,106,310,73.9,76.4,60.7,4.5,0.677
STU_1848,College 1,Control,None,77,56,55.6,60.1,39.5,4.2,0.599
STU_1849,College 4,Gamified,SignLang,157,495,60.5,79.1,78.9,7.5,0.99
STU_1850,College 6,Control,None,87,191,62.2,68.8,67.3,3.3,0.6
STU_1851,College 2,Gamified,NMT-Assist,135,318,68.7,83.5,80.2,5.9,0.833
STU_1852,College 1,Control,None,106,201,75.1,78.4,69.2,3.5,0.627
STU_1853,College 6,Control,None,107,175,66.8,73.7,68.5,4.2,0.726
STU_1854,College 1,Gamified,TTS-Audio,137,290,65.8,83.5,74.5,7.8,0.947
STU_1855,College 4,Gamified,TTS-Audio,148,287,71.7,91.8,95.2,6.5,0.965
STU_1856,College 3,Control,None,89,210,65.7,72.5,68.4,2.6,0.622
STU_1857,College 1,Control,None,84,191,68.6,68.6,57.1,2.2,0.571
STU_1858,College 3,Control,None,123,337,50.6,60.8,53.9,5.1,0.713
STU_1859,College 6,Gamified,BCI-Neuro,165,445,76.9,93.2,75,6.8,0.973
STU_1860,College 4,Control,None,79,132,67.9,68.2,49.6,3.9,0.625
STU_1861,College 3,Control,None,92,98,66.4,68.4,54,3.8,0.641
STU_1862,College 6,Gamified,BCI-Neuro,134,384,59.8,80.5,80.1,9.5,0.99
STU_1863,College 5,Control,None,117,151,74.6,81.1,73.4,3,0.608
STU_1864,College 3,Control,None,106,195,72.2,79.2,86.5,4.7,0.743
STU_1865,College 3,Control,None,80,213,63.4,72,64.3,4.1,0.624
STU_1866,College 1,Gamified,BCI-Neuro,129,282,68.6,85,81.8,6,0.845
STU_1867,College 1,Gamified,NMT-Assist,145,260,77.6,90.5,89.4,6.3,0.915
STU_1868,College 3,Gamified,NMT-Assist,80,181,77.9,96.4,78.8,7.5,0.835
STU_1869,College 3,Gamified,SignLang,146,265,58.9,74.2,66.7,6.8,0.94
STU_1870,College 4,Control,None,105,277,68.7,77.8,79.4,4.1,0.714
STU_1871,College 2,Control,None,121,50,67.1,74.7,60.6,4.7,0.748
STU_1872,College 3,Control,None,61,87,56.7,59.7,46.6,4.3,0.644
STU_1873,College 3,Control,None,84,175,72.9,77,63.3,3,0.66
STU_1874,College 3,Control,None,98,207,68.8,74.5,64.4,5.4,0.831
STU_1875,College 3,Control,None,85,244,71.1,76.5,68.6,2.5,0.567
STU_1876,College 6,Control,None,117,217,44.4,46.9,45,3.9,0.614
STU_1877,College 6,Control,None,130,260,59.7,66.8,52.5,4.8,0.748
STU_1878,College 5,Control,None,165,333,75.7,82.8,68.8,4.1,0.766
STU_1879,College 1,Control,None,97,190,61.2,67.8,55.5,4.2,0.67
STU_1880,College 1,Gamified,NMT-Assist,121,239,74,88.8,88.9,6.9,0.849
STU_1881,College 4,Control,None,131,341,76.3,81.6,73.5,4.2,0.763
STU_1882,College 3,Control,None,129,316,74.5,82.9,67.6,5.3,0.755
STU_1883,College 5,Control,None,121,324,50.8,57.2,44.2,3.2,0.624
STU_1884,College 1,Control,None,131,195,72.9,80.9,74.9,6.3,0.793
STU_1885,College 4,Control,None,126,260,80.4,86.3,81.1,3.7,0.675
STU_1886,College 5,Control,None,93,131,72.5,76.8,84.2,3.7,0.687
STU_1887,College 2,Gamified,BCI-Neuro,130,218,76.1,93.6,75.6,8.4,0.977
STU_1888,College 2,Gamified,BCI-Neuro,109,144,75.9,91.3,85.7,6.2,0.86
STU_1889,College 6,Gamified,BCI-Neuro,137,314,72.1,90.8,91,7.3,0.983
STU_1890,College 4,Control,None,105,273,68.7,75.8,69.1,3.9,0.661
STU_1891,College 3,Control,None,87,224,55.7,60.8,58.6,4.5,0.611
STU_1892,College 3,Control,None,123,255,65.5,67.5,46.1,3.2,0.726
STU_1893,College 4,Gamified,NMT-Assist,191,399,64,86.1,88.9,7.2,0.99
STU_1894,College 4,Control,None,126,199,73,81.5,72.1,4.9,0.795
STU_1895,College 3,Control,None,127,280,71.6,76.6,66.1,3.5,0.656
STU_1896,College 1,Control,None,117,173,58.5,62.2,58.9,3.8,0.71
STU_1897,College 1,Gamified,SignLang,115,284,52.8,65.9,64,5.6,0.8
STU_1898,College 6,Control,None,139,209,72,80.4,78.1,2,0.656
STU_1899,College 1,Control,None,143,268,72.3,83.1,76.7,4.2,0.784
STU_1900,College 5,Control,None,124,327,84.8,90.2,79.1,4.2,0.656
STU_1901,College 3,Control,None,115,248,62.5,70.1,68.6,4.3,0.738
STU_1902,College 6,Control,None,147,301,81.1,88.2,78.6,4.1,0.77
STU_1903,College 3,Control,None,106,275,60.3,65.6,53.3,4.2,0.678
STU_1904,College 3,Gamified,BCI-Neuro,99,162,53.8,70.9,70.6,6.4,0.877
STU_1905,College 2,Control,None,129,255,82.2,90.4,80.5,4.2,0.747
STU_1906,College 3,Control,None,118,281,58.6,61.7,60.5,3.2,0.626
STU_1907,College 5,Control,None,136,215,72.3,78.1,64.1,4.3,0.737
STU_1908,College 4,Gamified,NMT-Assist,68,153,49.7,64.1,62.7,6.1,0.758
STU_1909,College 3,Gamified,NMT-Assist,121,202,59.6,78.9,79.2,7.6,0.99
STU_1910,College 6,Gamified,NMT-Assist,69,160,70.7,83.7,69.5,5.6,0.744
STU_1911,College 5,Control,None,93,136,75.1,79.5,63.9,3.8,0.69
STU_1912,College 6,Gamified,BCI-Neuro,78,180,67.2,87.4,75.3,7.2,0.814
STU_1913,College 4,Gamified,TTS-Audio,117,176,58.8,73.4,68.6,6.2,0.798
STU_1914,College 5,Gamified,BCI-Neuro,133,364,75.9,96.7,94.7,8.7,0.99
STU_1915,College 5,Gamified,SignLang,121,345,75.5,90.1,90.3,7,0.944
STU_1916,College 2,Control,None,92,248,81.5,86.7,70.4,3.8,0.561
STU_1917,College 4,Control,None,85,196,49.3,54.6,52.1,4.2,0.732
STU_1918,College 3,Gamified,BCI-Neuro,117,380,55.9,73.1,63.4,7.8,0.99
STU_1919,College 4,Gamified,NMT-Assist,119,220,78.7,87.9,80.9,5.1,0.83
STU_1920,College 4,Control,None,122,193,73.3,79,70.3,3,0.685
STU_1921,College 5,Gamified,TTS-Audio,106,193,78.3,96.5,84.9,7.9,0.96
STU_1922,College 6,Control,None,152,407,66,72.8,65,2.4,0.604
STU_1923,College 1,Control,None,127,234,72.9,80.5,70.7,4.9,0.841
STU_1924,College 6,Gamified,NMT-Assist,141,260,56.3,74,56.2,6.8,0.879
STU_1925,College 6,Gamified,BCI-Neuro,117,333,62.5,79.2,66.3,6.4,0.927
STU_1926,College 1,Gamified,SignLang,118,230,74.1,93.2,90.3,6.7,0.987
STU_1927,College 6,Gamified,NMT-Assist,111,248,63.7,77.5,73.9,8,0.99
STU_1928,College 1,Control,None,99,189,69,72.5,72.4,3.8,0.672
STU_1929,College 6,Control,None,96,199,60.4,65.3,64.5,4.1,0.712
STU_1930,College 4,Control,None,151,249,60.6,65.7,55.1,4.7,0.874
STU_1931,College 2,Control,None,117,239,77.8,84.1,70.2,3.6,0.71
STU_1932,College 4,Control,None,114,282,62,65.3,54.8,3.6,0.64
STU_1933,College 3,Control,None,104,250,59.5,64.1,47.6,3,0.591
STU_1934,College 4,Gamified,NMT-Assist,100,209,70.7,82.9,64.2,4.7,0.722
STU_1935,College 1,Gamified,NMT-Assist,159,231,52.6,71.1,70.1,6,0.929
STU_1936,College 3,Gamified,NMT-Assist,87,130,72.3,82,79.1,5.7,0.766
STU_1937,College 2,Control,None,107,258,69.3,72.6,67.9,4,0.679
STU_1938,College 6,Gamified,TTS-Audio,163,369,60,79.8,70.9,8.4,0.99
STU_1939,College 1,Gamified,SignLang,123,289,60.7,79.4,66.8,7.1,0.99
STU_1940,College 6,Gamified,NMT-Assist,126,215,53.9,70.6,62.8,6.8,0.938
STU_1941,College 6,Control,None,111,212,57.3,61.2,54.7,5,0.776
STU_1942,College 5,Control,None,87,85,69.8,73.3,61.7,3.3,0.652
STU_1943,College 3,Gamified,NMT-Assist,184,399,72.4,92.5,81.2,6,0.987
STU_1944,College 2,Gamified,SignLang,96,151,87.1,100,87.9,7.3,0.844
STU_1945,College 5,Gamified,TTS-Audio,134,257,58.2,72.6,60.8,5.8,0.887
STU_1946,College 5,Control,None,119,203,59.7,68.4,54.6,4.8,0.847
STU_1947,College 6,Control,None,112,150,52.3,55.7,55.2,4.1,0.586
STU_1948,College 3,Control,None,75,113,54.4,58.2,50.3,3.9,0.663
STU_1949,College 3,Control,None,133,329,74.9,79.6,62.7,3.5,0.724
STU_1950,College 2,Gamified,NMT-Assist,150,422,62.3,74,67.2,6.2,0.887
STU_1951,College 5,Gamified,NMT-Assist,151,334,55,71.9,67.4,6.2,0.873
STU_1952,College 3,Control,None,125,285,61.9,67,66.5,3.7,0.677
STU_1953,College 6,Gamified,NMT-Assist,135,220,65.6,76.7,70.6,6.5,0.888
STU_1954,College 4,Gamified,SignLang,109,353,71.5,88,77.5,6.6,0.944
STU_1955,College 4,Gamified,BCI-Neuro,95,115,87,100,99.8,6.7,0.778
STU_1956,College 6,Control,None,107,239,76.7,84.5,61.1,5.4,0.72
STU_1957,College 1,Control,None,144,262,67.4,71.9,62.5,3.6,0.662
STU_1958,College 1,Control,None,139,397,66.3,71.7,59.9,3.2,0.69
STU_1959,College 1,Gamified,BCI-Neuro,117,211,66.3,83.3,71.2,6.2,0.81
STU_1960,College 5,Control,None,103,224,86.4,90.4,75.1,4.9,0.747
STU_1961,College 5,Control,None,111,218,71.4,77.2,70,4.6,0.791
STU_1962,College 2,Gamified,SignLang,124,316,60.3,75,73.9,4.8,0.722
STU_1963,College 1,Gamified,NMT-Assist,184,497,68.3,82.3,86.4,4.5,0.787
STU_1964,College 3,Control,None,88,185,65.3,72.1,61,3.8,0.668
STU_1965,College 1,Gamified,BCI-Neuro,143,369,78.8,96.9,95.5,6.9,0.904
STU_1966,College 2,Gamified,TTS-Audio,100,207,72.5,90.2,88.7,5.5,0.776
STU_1967,College 6,Control,None,84,192,70.2,75.5,66.4,3.3,0.631
STU_1968,College 3,Control,None,99,208,73.5,77.2,57.9,4,0.679
STU_1969,College 2,Gamified,BCI-Neuro,131,208,55.7,74.1,70.8,7.3,0.945
STU_1970,College 1,Gamified,BCI-Neuro,194,357,66.3,85.8,77.8,7.1,0.99
STU_1971,College 1,Gamified,TTS-Audio,119,152,68.3,83.3,72.6,6.4,0.867
STU_1972,College 6,Gamified,TTS-Audio,107,216,53.3,65.6,61.2,5.6,0.821
STU_1973,College 6,Gamified,TTS-Audio,95,177,57.5,72.7,76,6.1,0.837
STU_1974,College 1,Control,None,133,311,66.4,72.8,51.8,3.5,0.673
STU_1975,College 1,Gamified,TTS-Audio,130,173,54.9,68.4,59.3,6.1,0.869
STU_1976,College 5,Gamified,TTS-Audio,97,125,61.2,72.9,65.7,6.8,0.913
STU_1977,College 3,Gamified,TTS-Audio,141,387,70.3,87,76.5,6.8,0.936
STU_1978,College 3,Control,None,127,308,53.6,58.2,56.7,4.9,0.754
STU_1979,College 3,Control,None,109,205,57.1,64.3,62.2,2.9,0.615
STU_1980,College 1,Gamified,BCI-Neuro,133,280,68,87,100,7.6,0.919
STU_1981,College 3,Control,None,100,249,59.9,62.3,56.7,4,0.677
STU_1982,College 5,Gamified,NMT-Assist,147,301,60.8,74.8,74.8,7.3,0.988
STU_1983,College 5,Gamified,SignLang,138,318,66.5,84.6,77.9,6.7,0.848
STU_1984,College 6,Control,None,88,176,71.2,76.9,70.5,2.6,0.505
STU_1985,College 6,Gamified,TTS-Audio,104,171,72,83.1,82.5,5.5,0.784
STU_1986,College 2,Gamified,BCI-Neuro,102,159,68.6,84.8,78.4,5.6,0.795
STU_1987,College 3,Control,None,84,130,71.9,73.4,54.8,2.4,0.514
STU_1988,College 3,Gamified,NMT-Assist,145,344,55.6,79.1,67.4,7.8,0.99
STU_1989,College 6,Control,None,115,280,59.3,63.8,58.8,3.5,0.692
STU_1990,College 2,Control,None,143,294,69.3,74.9,69.9,3.8,0.744
STU_1991,College 4,Gamified,NMT-Assist,175,342,71,88.4,80.6,7.5,0.99
STU_1992,College 1,Control,None,146,251,76,83.7,76.4,4.5,0.775
STU_1993,College 3,Gamified,BCI-Neuro,121,255,65,79.4,74.6,6.2,0.954
STU_1994,College 4,Control,None,101,210,64.2,72.9,58.9,4.8,0.724
STU_1995,College 1,Control,None,71,206,72.1,72.1,58.8,2.4,0.577
STU_1996,College 3,Control,None,125,371,51.7,58.4,54.1,4.4,0.744
STU_1997,College 2,Control,None,130,330,64.3,70.3,60.4,4.6,0.794
STU_1998,College 1,Control,None,128,263,89.1,92,82.8,3.3,0.63
STU_1999,College 2,Control,None,79,115,63.5,71.2,56,4.7,0.659
STU_2000,College 5,Gamified,NMT-Assist,56,103,71.4,90.9,82.5,6.5,0.761
